{"accuracy": [0.36184000968933105, 0.5091599822044373, 0.5801799893379211, 0.6290000081062317, 0.6605600118637085, 0.6782400012016296, 0.6970000267028809, 0.7128199934959412, 0.7218000292778015, 0.7346600294113159, 0.7458599805831909, 0.7514200210571289, 0.7570800185203552, 0.7632399797439575, 0.7707200050354004, 0.775439977645874, 0.7772600054740906, 0.7850599884986877, 0.7859399914741516, 0.7924799919128418], "loss": [1.886989712715149, 1.364521861076355, 1.1728663444519043, 1.0506093502044678, 0.9627935886383057, 0.9132833480834961, 0.869140088558197, 0.8255975246429443, 0.8020700216293335, 0.7711770534515381, 0.7394821047782898, 0.7259467244148254, 0.710132360458374, 0.6888468265533447, 0.6734127402305603, 0.6560487747192383, 0.6450870037078857, 0.6291772723197937, 0.6223490834236145, 0.6087173223495483], "val_accuracy": [0.22470000386238098, 0.558899998664856, 0.5625, 0.6628000140190125, 0.6671000123023987, 0.6811000108718872, 0.697700023651123, 0.741599977016449, 0.6779000163078308, 0.7045000195503235, 0.7425000071525574, 0.7620000243186951, 0.7501999735832214, 0.746399998664856, 0.7789000272750854, 0.7718999981880188, 0.8057000041007996, 0.7569000124931335, 0.792900025844574, 0.8025000095367432], "val_loss": [2.421722173690796, 1.2465624809265137, 1.3915818929672241, 0.974585235118866, 0.988054096698761, 0.9226140379905701, 0.9170019626617432, 0.7582029104232788, 0.9911219477653503, 0.9072218537330627, 0.7682672739028931, 0.708367109298706, 0.7673565745353699, 0.8048049211502075, 0.6860277652740479, 0.6928775310516357, 0.5904179215431213, 0.7571998238563538, 0.6107077598571777, 0.5996041893959045]}