{"accuracy": [0.3896400034427643, 0.5412799715995789, 0.6058400273323059, 0.6411799788475037, 0.6661999821662903, 0.6856799721717834, 0.696619987487793, 0.7115600109100342, 0.7194200158119202, 0.7245399951934814, 0.751479983329773, 0.7603999972343445, 0.7662400007247925, 0.7722799777984619, 0.771340012550354, 0.7788599729537964, 0.7805399894714355, 0.7839800119400024, 0.7847999930381775, 0.7886599898338318], "loss": [1.6923117637634277, 1.282302737236023, 1.1218608617782593, 1.0281277894973755, 0.965833306312561, 0.917651355266571, 0.8792756795883179, 0.8497475981712341, 0.8223223686218262, 0.8074208498001099, 0.7274618744850159, 0.7015835046768188, 0.685969352722168, 0.6767977476119995, 0.6679189801216125, 0.6548038125038147, 0.6497973799705505, 0.6382500529289246, 0.629766583442688, 0.6210426688194275], "val_accuracy": [0.2937999963760376, 0.5200999975204468, 0.4993000030517578, 0.669700026512146, 0.7102000117301941, 0.725600004196167, 0.6672999858856201, 0.7548999786376953, 0.736299991607666, 0.7429999709129333, 0.7724999785423279, 0.7979000210762024, 0.8037999868392944, 0.8162999749183655, 0.7950000166893005, 0.8015999794006348, 0.819599986076355, 0.8264999985694885, 0.8133000135421753, 0.8163999915122986], "val_loss": [2.678753614425659, 1.4374486207962036, 1.539224624633789, 0.925315260887146, 0.8550738096237183, 0.8158367872238159, 1.0232644081115723, 0.7026757597923279, 0.8011619448661804, 0.7655505537986755, 0.6705116033554077, 0.6131184697151184, 0.5802640914916992, 0.5493098497390747, 0.6160560846328735, 0.5966660380363464, 0.5349931716918945, 0.5305536389350891, 0.5652209520339966, 0.5583400726318359], "learning_rate": [0.009999999776482582, 0.009999999776482582, 0.009999999776482582, 0.009999999776482582, 0.009999999776482582, 0.009999999776482582, 0.009999999776482582, 0.009999999776482582, 0.009999999776482582, 0.009999999776482582, 0.004999999888241291, 0.004999999888241291, 0.004999999888241291, 0.004999999888241291, 0.004999999888241291, 0.004999999888241291, 0.004999999888241291, 0.004999999888241291, 0.004999999888241291, 0.004999999888241291]}