{"accuracy": [0.35725998878479004, 0.46922001242637634, 0.5121200084686279, 0.5429999828338623, 0.5593600273132324, 0.5777000188827515, 0.5862600207328796, 0.5976799726486206, 0.6101599931716919, 0.6128399968147278, 0.6381999850273132, 0.6482800245285034, 0.6504600048065186, 0.6591600179672241, 0.6644799709320068, 0.6676599979400635, 0.6728000044822693, 0.6760200262069702, 0.6763200163841248], "loss": [1.7270594835281372, 1.4587396383285522, 1.3582541942596436, 1.2905408143997192, 1.240740180015564, 1.197479248046875, 1.168962836265564, 1.1479119062423706, 1.1224216222763062, 1.1022238731384277, 1.0303047895431519, 1.0035096406936646, 0.9948845505714417, 0.9723528027534485, 0.9602490663528442, 0.9531101584434509, 0.9373185038566589, 0.932660698890686, 0.9259874224662781], "val_accuracy": [0.48080000281333923, 0.5112000107765198, 0.5946999788284302, 0.6003999710083008, 0.6276000142097473, 0.6306999921798706, 0.6319000124931335, 0.6427000164985657, 0.6449000239372253, 0.6563000082969666, 0.6811000108718872, 0.6815000176429749, 0.6851999759674072, 0.6852999925613403, 0.6938999891281128, 0.708899974822998, 0.7010999917984009, 0.7106000185012817, 0.7009000182151794], "val_loss": [1.3999778032302856, 1.3452097177505493, 1.147513508796692, 1.1298707723617554, 1.046074390411377, 1.0300915241241455, 1.0549973249435425, 1.0060514211654663, 0.9965828061103821, 0.9952800869941711, 0.9095368981361389, 0.920937180519104, 0.8931598663330078, 0.9094344973564148, 0.8700535893440247, 0.8377246856689453, 0.8687911033630371, 0.8429877161979675, 0.8785900473594666], "learning_rate": [0.0020000000949949026, 0.0020000000949949026, 0.0020000000949949026, 0.0020000000949949026, 0.0020000000949949026, 0.0020000000949949026, 0.0020000000949949026, 0.0020000000949949026, 0.0020000000949949026, 0.0020000000949949026, 0.0010000000474974513, 0.0010000000474974513, 0.0010000000474974513, 0.0010000000474974513, 0.0010000000474974513, 0.0010000000474974513, 0.0010000000474974513, 0.0010000000474974513, 0.0010000000474974513]}