{"accuracy": [0.3465999960899353, 0.4769800007343292, 0.5329200029373169, 0.5635600090026855, 0.5865600109100342, 0.6069200038909912, 0.6209999918937683, 0.6315400004386902, 0.6481199860572815, 0.6555600166320801], "loss": [1.7660504579544067, 1.441853404045105, 1.3092609643936157, 1.2269177436828613, 1.1685519218444824, 1.1142585277557373, 1.07633638381958, 1.0445910692214966, 1.0054229497909546, 0.9834436178207397], "val_accuracy": [0.48570001125335693, 0.5491999983787537, 0.5895000100135803, 0.6114000082015991, 0.6205999851226807, 0.6621000170707703, 0.6700999736785889, 0.6680999994277954, 0.6816999912261963, 0.692300021648407], "val_loss": [1.4005489349365234, 1.2338558435440063, 1.1305114030838013, 1.110231876373291, 1.067779541015625, 0.9515899419784546, 0.9466497898101807, 0.9448065161705017, 0.9056644439697266, 0.887946605682373], "learning_rate": [0.0020000000949949026, 0.0020000000949949026, 0.0020000000949949026, 0.0020000000949949026, 0.0020000000949949026, 0.0020000000949949026, 0.0020000000949949026, 0.0020000000949949026, 0.0020000000949949026, 0.0020000000949949026]}