{"accuracy": [0.35304000973701477, 0.4922400116920471, 0.5505399703979492, 0.5857800245285034, 0.6093599796295166, 0.6272000074386597, 0.6378399729728699, 0.6584200263023376, 0.6678000092506409, 0.6789199709892273], "loss": [1.742673397064209, 1.4041762351989746, 1.2635514736175537, 1.1719576120376587, 1.1084588766098022, 1.0607670545578003, 1.0254279375076294, 0.9771615862846375, 0.9530431032180786, 0.9199016690254211], "val_accuracy": [0.47540000081062317, 0.5654000043869019, 0.5989000201225281, 0.6316999793052673, 0.6604999899864197, 0.6784999966621399, 0.6873000264167786, 0.7002999782562256, 0.7123000025749207, 0.6919000148773193], "val_loss": [1.4317361116409302, 1.2074264287948608, 1.1157838106155396, 1.040832757949829, 0.9529898166656494, 0.9157242178916931, 0.8943588137626648, 0.8551845550537109, 0.8220000267028809, 0.8624643683433533]}