{"accuracy": [0.3728800117969513, 0.5014200210571289, 0.5478600263595581, 0.5738199949264526, 0.5943199992179871, 0.6100000143051147, 0.6216199994087219, 0.6322199702262878, 0.6418600082397461, 0.6470400094985962, 0.6718000173568726, 0.6805199980735779, 0.6828399896621704, 0.6891599893569946, 0.6929399967193604, 0.6948800086975098, 0.6997799873352051, 0.7013800144195557, 0.7046399712562561, 0.7087799906730652], "loss": [1.6971145868301392, 1.3832606077194214, 1.269303798675537, 1.2006394863128662, 1.1485528945922852, 1.0991407632827759, 1.0773308277130127, 1.0583264827728271, 1.0281585454940796, 1.015437364578247, 0.9420941472053528, 0.9169426560401917, 0.9076247811317444, 0.8976395130157471, 0.8881851434707642, 0.8762460947036743, 0.8665812611579895, 0.8562998175621033, 0.853341817855835, 0.8384391665458679], "val_accuracy": [0.5072000026702881, 0.5356000065803528, 0.5910000205039978, 0.6383000016212463, 0.6460000276565552, 0.6740000247955322, 0.6435999870300293, 0.6919000148773193, 0.6762999892234802, 0.6744999885559082, 0.7031999826431274, 0.7233999967575073, 0.7156000137329102, 0.7297000288963318, 0.7172999978065491, 0.7350999712944031, 0.7360000014305115, 0.7267000079154968, 0.7389000058174133, 0.7354000210762024], "val_loss": [1.3403496742248535, 1.3031046390533447, 1.1423839330673218, 1.019716739654541, 1.0061975717544556, 0.9445817470550537, 1.0329267978668213, 0.8917953968048096, 0.9799298048019409, 0.967673659324646, 0.855821967124939, 0.8084191679954529, 0.8128805160522461, 0.7735442519187927, 0.8260408043861389, 0.7700244188308716, 0.756218671798706, 0.7995979189872742, 0.7519460916519165, 0.7673961520195007], "learning_rate": [0.0020000000949949026, 0.0020000000949949026, 0.0020000000949949026, 0.0020000000949949026, 0.0020000000949949026, 0.0020000000949949026, 0.0020000000949949026, 0.0020000000949949026, 0.0020000000949949026, 0.0020000000949949026, 0.0010000000474974513, 0.0010000000474974513, 0.0010000000474974513, 0.0010000000474974513, 0.0010000000474974513, 0.0010000000474974513, 0.0010000000474974513, 0.0010000000474974513, 0.0010000000474974513, 0.0010000000474974513]}