{"accuracy": [0.36785998940467834, 0.5269200205802917, 0.6030799746513367, 0.6467400193214417, 0.6754800081253052, 0.6980599761009216, 0.7123600244522095], "loss": [1.8439500331878662, 1.3276844024658203, 1.1193832159042358, 1.00450599193573, 0.9243289232254028, 0.8704548478126526, 0.8307654857635498], "val_accuracy": [0.18230000138282776, 0.5605000257492065, 0.6176000237464905, 0.7037000060081482, 0.5784000158309937, 0.6840000152587891, 0.6783999800682068], "val_loss": [2.7648887634277344, 1.178040862083435, 1.1261318922042847, 0.8586238026618958, 1.4467724561691284, 0.9484667181968689, 1.0606472492218018], "learning_rate": [0.0020000000949949026, 0.0020000000949949026, 0.0020000000949949026, 0.0020000000949949026, 0.0020000000949949026, 0.0020000000949949026, 0.0020000000949949026]}