{"accuracy": [0.41207998991012573, 0.569100022315979, 0.6321399807929993, 0.6640599966049194, 0.6902400255203247, 0.7045199871063232, 0.722760021686554, 0.732200026512146, 0.7415599822998047, 0.7497000098228455, 0.7697200179100037, 0.7771000266075134, 0.7813400030136108, 0.7865599989891052, 0.7918400168418884, 0.7957000136375427], "loss": [1.6665199995040894, 1.2030344009399414, 1.0436128377914429, 0.9633355736732483, 0.8968589901924133, 0.8526489734649658, 0.8050013184547424, 0.7806556224822998, 0.7501397728919983, 0.731645405292511, 0.6729073524475098, 0.650002121925354, 0.6390737295150757, 0.6251574158668518, 0.6112306118011475, 0.6010077595710754], "val_accuracy": [0.5214999914169312, 0.6139000058174133, 0.6789000034332275, 0.6919999718666077, 0.7053999900817871, 0.7246000170707703, 0.744700014591217, 0.7542999982833862, 0.7651000022888184, 0.7903000116348267, 0.8044999837875366, 0.7764999866485596, 0.8276000022888184, 0.788100004196167, 0.8202000260353088, 0.7936999797821045], "val_loss": [1.357712745666504, 1.197380542755127, 0.9333928823471069, 0.8985035419464111, 0.8760010600090027, 0.8291246294975281, 0.7812590599060059, 0.7407203912734985, 0.7185000777244568, 0.622005045413971, 0.5806700587272644, 0.681997537612915, 0.5280700325965881, 0.638338565826416, 0.5364770293235779, 0.6190522313117981], "learning_rate": [0.0020000000949949026, 0.0020000000949949026, 0.0020000000949949026, 0.0020000000949949026, 0.0020000000949949026, 0.0020000000949949026, 0.0020000000949949026, 0.0020000000949949026, 0.0020000000949949026, 0.0020000000949949026, 0.0010000000474974513, 0.0010000000474974513, 0.0010000000474974513, 0.0010000000474974513, 0.0010000000474974513, 0.0010000000474974513]}