{"accuracy": [0.3892599940299988, 0.5552999973297119, 0.6195799708366394, 0.6559799909591675, 0.6829000115394592, 0.7038000226020813, 0.7194799780845642, 0.730400025844574, 0.7437599897384644, 0.7481799721717834], "loss": [1.7619441747665405, 1.242874026298523, 1.0744647979736328, 0.9727669358253479, 0.9029820561408997, 0.8512560129165649, 0.8127478361129761, 0.7782302498817444, 0.7464229464530945, 0.7300631999969482], "val_accuracy": [0.3127000033855438, 0.506600022315979, 0.595300018787384, 0.6800000071525574, 0.6761000156402588, 0.6700000166893005, 0.7059999704360962, 0.7404000163078308, 0.7354999780654907, 0.789900004863739], "val_loss": [2.1377010345458984, 1.611362099647522, 1.1878700256347656, 0.9365584850311279, 1.0001887083053589, 1.0614739656448364, 0.8798673748970032, 0.7737995982170105, 0.7750148773193359, 0.6235806345939636], "learning_rate": [0.0020000000949949026, 0.0020000000949949026, 0.0020000000949949026, 0.0020000000949949026, 0.0020000000949949026, 0.0020000000949949026, 0.0020000000949949026, 0.0020000000949949026, 0.0020000000949949026, 0.0020000000949949026]}